<?xml version="1.0" encoding="UTF-8" standalone="yes"?>
<addon id="plugin.video.dnatv" name="DNATV" version="0.3.4" provider-name="munselo">
    <requires>
        <import addon="xbmc.python" version="2.1.0"/>
        <import addon="script.module.requests" version="2.8.1"/>
    </requires>
    <extension point="xbmc.python.pluginsource" library="addon.py">
        <provides>video</provides>
    </extension>
    <extension point="xbmc.addon.metadata">
        <platform>all</platform>
	<language>fi</language>
    <summary>DNATV</summary>
    <description lang="en">Watch your DNATV or Booxtv recordings and TV streams. You must have valid user account to use this plugin</description>
    <description lang="fi">Katso DNATV tai Booxtv palvelun tallenteita tai TV-lähetyksiä. Tarvitset voimassaolevan käyttäjätunnuksen</description>
	<news>v0.3.4 (10.1.2017)
		- Recordings folder opens faster.</news>
    </extension>
</addon>
